{
  "step": "7b touch-connectome (Romani 방식 축소판)",
  "subvolume_cells": 17647,
  "box_um": [
    500.0,
    100.0,
    "full-depth"
  ],
  "n_subsample_pts": null,
  "touch_radius_um": 2.0,
  "axon_points": 344561573,
  "dend_points": 182915376,
  "apposition_pairs": 19952393,
  "total_appositions": 1693213288,
  "connections_pathway_valid": 19952393,
  "mean_syn_per_conn": 84.8626672499885,
  "mean_in_degree": 1130.6393721312404,
  "mean_out_degree": 1130.6393721312404,
  "by_class": {
    "PC->PC (E2)": 11548501,
    "NOS+->PC (I3)": 2396164,
    "PV+->PC (I2)": 2171077,
    "PC->SOM- (E2)": 1287446,
    "CCK+->PC (I3)": 1151029,
    "SOM+->PC (I2)": 624231,
    "PC->SOM+ (E1)": 426858,
    "CCK-->CCK- (I2)": 229696,
    "CCK+->CCK+ (I1)": 117391
  },
  "note": "축소부피·서브샘플·pruning 미적용. apposition≈잠재시냅스(과대추정 가능)."
}