{
  "step": "4b composition (V2a)",
  "N": 456378,
  "overall_EI": {
    "exc": 406666,
    "inh": 49712,
    "ratio": "89.1:10.9"
  },
  "layer_volume_mm3": {
    "SO": 4.81779712,
    "SP": 1.57894656,
    "SR": 6.8420608,
    "SLM": 3.214307328
  },
  "per_layer": {
    "SO": {
      "n": 6089,
      "exc": 0,
      "inh": 6089,
      "density": 1263.8556270298075
    },
    "SP": {
      "n": 448618,
      "exc": 406666,
      "inh": 41952,
      "density": 284124.87880527123
    },
    "SR": {
      "n": 808,
      "exc": 0,
      "inh": 808,
      "density": 118.0930751156143
    },
    "SLM": {
      "n": 863,
      "exc": 0,
      "inh": 863,
      "density": 268.48708351014284
    }
  }
}