{
  "step": "4 layers (V1c)",
  "normalized_depth_def": "([PH]y - [PH]SO.lower) / ([PH]SLM.upper - [PH]SO.lower), 0=SO base..1=SLM top",
  "thickness_um": {
    "SO": 230.0,
    "SP": 80.0,
    "SR": 380.0,
    "SLM": 199.0
  },
  "cumulative_boundary_norm": {
    "SO": 0.25871766029246346,
    "SP": 0.34870641169853767,
    "SR": 0.7761529808773904,
    "SLM": 1.0
  },
  "layer_nd_stats": {
    "SO": {
      "mean": 0.1239035353064537,
      "p5": 0.004285819828510284,
      "p95": 0.24402788281440735,
      "n": 1176220
    },
    "SP": {
      "mean": 0.30270713567733765,
      "p5": 0.26218122243881226,
      "p95": 0.3435872495174408,
      "n": 385485
    },
    "SR": {
      "mean": 0.5564298629760742,
      "p5": 0.3681260645389557,
      "p95": 0.7528824806213379,
      "n": 1670425
    },
    "SLM": {
      "mean": 0.889808177947998,
      "p5": 0.7870818972587585,
      "p95": 0.9971312880516052,
      "n": 784743
    }
  }
}