{
  "Pyramidal": {
    "V_th": -49.34588172166377,
    "E_L": -63.011493405966085,
    "C_m": 85.4350554407871,
    "tau_m": 13.436808123138254,
    "k_adap": 0.037762754492268395,
    "k1": 0.01225943024943269,
    "k2": 0.004339612167347443,
    "A1": 123.83645403190407,
    "A2": 43.924084282836894,
    "I_e": 0.0,
    "V_peak": -44.34588172166377,
    "V_reset": -67.89042390841502,
    "t_ref": 3.611858059155138,
    "loss": 0.09097268294811241,
    "fit_provenance": "nestgpu-fi-fit",
    "validation": {
      "rates_hz": [
        0.0,
        6.0,
        34.0,
        46.0,
        58.0,
        70.0,
        94.0,
        114.0
      ],
      "count_window_ms": 500.0,
      "passive": {
        "Rin": 66.40036526654454,
        "tau_m": 5.672918887835746,
        "E_L": -63.011493405966085,
        "sag": null
      },
      "passed": true,
      "median_z": 0.09991394641716007,
      "max_z": 0.3333333333333335,
      "hard_fails": [],
      "protocol": "nestgpu-fi-replay-with-analytic-passive"
    }
  },
  "Axo": {
    "V_th": -52.72852615553552,
    "E_L": -65.01240280986359,
    "C_m": 133.8949480871739,
    "tau_m": 17.19190456495169,
    "k_adap": 0.1363041458797687,
    "k1": 0.004864702136192573,
    "k2": 0.012038622892995501,
    "A1": 53.48661643430228,
    "A2": 53.42854383183185,
    "I_e": 0.0,
    "V_peak": -47.72852615553552,
    "V_reset": -76.38197871286793,
    "t_ref": 1.5237730515296584,
    "loss": 0.04119887478073174,
    "fit_provenance": "nestgpu-fi-fit",
    "validation": {
      "rates_hz": [
        0.0,
        6.0,
        36.0,
        50.0,
        62.0,
        74.0,
        96.0,
        116.0
      ],
      "count_window_ms": 500.0,
      "passive": {
        "Rin": 52.32727375489042,
        "tau_m": 7.00635760295439,
        "E_L": -65.01240280986359,
        "sag": null
      },
      "passed": true,
      "median_z": 0.0344827586206899,
      "max_z": 0.3333333333333335,
      "hard_fails": [],
      "protocol": "nestgpu-fi-replay-with-analytic-passive"
    }
  },
  "Ivy": {
    "V_th": -38.359540814235245,
    "E_L": -59.95135206591625,
    "C_m": 208.5527441245894,
    "tau_m": 51.50064069780758,
    "k_adap": 0.022282780252117912,
    "k1": 0.022010805378173962,
    "k2": 0.0038051433260323877,
    "A1": 99.16231177874819,
    "A2": 19.86280944251825,
    "I_e": 0.0,
    "V_peak": -33.359540814235245,
    "V_reset": -61.58438556261193,
    "t_ref": 1.6027182363604415,
    "loss": 0.0403275196239933,
    "fit_provenance": "nestgpu-fi-fit",
    "validation": {
      "rates_hz": [
        0.0,
        4.0,
        20.0,
        32.0,
        42.0,
        50.0,
        66.0,
        80.0
      ],
      "count_window_ms": 500.0,
      "passive": {
        "Rin": 100.95420988905101,
        "tau_m": 21.05427750329135,
        "E_L": -59.95135206591625,
        "sag": null
      },
      "passed": true,
      "median_z": 0.03558459201651345,
      "max_z": 0.33333333333333326,
      "hard_fails": [],
      "protocol": "nestgpu-fi-replay-with-analytic-passive"
    }
  },
  "PV_Basket": {
    "V_th": -36.916185783237765,
    "E_L": -65.02434940158763,
    "C_m": 131.87410210706508,
    "tau_m": 16.871156350592997,
    "k_adap": 0.04617173462238576,
    "k1": 0.0025349475950424997,
    "k2": 0.003873400915017664,
    "A1": 54.717542803970154,
    "A2": 8.03061754973447,
    "I_e": 0.0,
    "V_peak": -31.916185783237765,
    "V_reset": -68.33415414037441,
    "t_ref": 4.680421320418597,
    "loss": 0.29115157368230504,
    "fit_provenance": "nestgpu-fi-fit",
    "validation": {
      "rates_hz": [
        0.0,
        4.0,
        40.0,
        62.0,
        76.0,
        90.0,
        108.0,
        122.0
      ],
      "count_window_ms": 500.0,
      "passive": {
        "Rin": 50.66690972260667,
        "tau_m": 6.68165322620848,
        "E_L": -65.02434940158763,
        "sag": null
      },
      "passed": true,
      "median_z": 0.21739130434782575,
      "max_z": 0.47058823529411714,
      "hard_fails": [],
      "protocol": "nestgpu-fi-replay-with-analytic-passive"
    }
  },
  "Bistratified": {
    "V_th": -32.103461070986725,
    "E_L": -67.0182331786504,
    "C_m": 147.947438194284,
    "tau_m": 36.72295102227663,
    "k_adap": 0.2571816829198665,
    "k1": 0.030573707847879515,
    "k2": 0.04238958140617503,
    "A1": 8.181362907058483,
    "A2": 61.54715207816227,
    "I_e": 0.0,
    "V_peak": -27.103461070986725,
    "V_reset": -73.27487900605158,
    "t_ref": 3.119250899044463,
    "loss": 0.0176010085381838,
    "fit_provenance": "nestgpu-fi-fit",
    "validation": {
      "rates_hz": [
        0.0,
        2.0,
        42.0,
        58.0,
        72.0,
        86.0,
        110.0,
        130.0
      ],
      "count_window_ms": 500.0,
      "passive": {
        "Rin": 99.05067416132201,
        "tau_m": 14.65429349358435,
        "E_L": -67.0182331786504,
        "sag": null
      },
      "passed": true,
      "median_z": 0.02325581395348804,
      "max_z": 0.16666666666666663,
      "hard_fails": [],
      "protocol": "nestgpu-fi-replay-with-analytic-passive"
    }
  },
  "Neurogliaform": {
    "V_th": -38.359540814235245,
    "E_L": -59.95135206591625,
    "C_m": 208.5527441245894,
    "tau_m": 51.50064069780758,
    "k_adap": 0.022282780252117912,
    "k1": 0.022010805378173962,
    "k2": 0.0038051433260323877,
    "A1": 99.16231177874819,
    "A2": 19.86280944251825,
    "I_e": 0.0,
    "V_peak": -33.359540814235245,
    "V_reset": -61.58438556261193,
    "t_ref": 1.6027182363604415,
    "loss": 0.0403275196239933,
    "fit_provenance": "nestgpu-fi-fit",
    "validation": {
      "rates_hz": [
        0.0,
        4.0,
        20.0,
        32.0,
        42.0,
        50.0,
        66.0,
        80.0
      ],
      "count_window_ms": 500.0,
      "passive": {
        "Rin": 100.95420988905101,
        "tau_m": 21.05427750329135,
        "E_L": -59.95135206591625,
        "sag": null
      },
      "passed": true,
      "median_z": 0.03558459201651345,
      "max_z": 0.33333333333333326,
      "hard_fails": [],
      "protocol": "nestgpu-fi-replay-with-analytic-passive"
    }
  },
  "CCK_Basket": {
    "V_th": -62.24596834411824,
    "E_L": -70.982123011319,
    "C_m": 94.2808178846423,
    "tau_m": 24.66336301303217,
    "k_adap": 0.03413667170444019,
    "k1": 0.007489989769166656,
    "k2": 0.009790501950498269,
    "A1": 62.940752071762745,
    "A2": 92.43374524445358,
    "I_e": 0.0,
    "V_peak": -57.24596834411824,
    "V_reset": -71.73920921662798,
    "t_ref": 3.5426755665596117,
    "loss": 0.13623243929517853,
    "fit_provenance": "nestgpu-fi-fit",
    "validation": {
      "rates_hz": [
        0.0,
        6.0,
        12.0,
        14.0,
        18.0,
        22.0,
        28.0,
        34.0
      ],
      "count_window_ms": 500.0,
      "passive": {
        "Rin": 136.80975245938038,
        "tau_m": 12.898535356465835,
        "E_L": -70.982123011319,
        "sag": null
      },
      "passed": true,
      "median_z": 0.07692307692307664,
      "max_z": 0.5,
      "hard_fails": [],
      "protocol": "nestgpu-fi-replay-with-analytic-passive"
    }
  },
  "O_LM": {
    "V_th": -45.477467363071455,
    "E_L": -64.99618626592196,
    "C_m": 67.96773099087838,
    "tau_m": 44.153067012128055,
    "k_adap": 0.0322449911898946,
    "k1": 0.002587394824359354,
    "k2": 0.01401264606284283,
    "A1": 38.533670035685894,
    "A2": 28.675173766393435,
    "I_e": 0.0,
    "V_peak": -40.477467363071455,
    "V_reset": -59.99635410011812,
    "t_ref": 2.0210101907207947,
    "loss": 0.2067527671785173,
    "fit_provenance": "nestgpu-fi-fit",
    "validation": {
      "rates_hz": [
        0.0,
        0.0,
        14.0,
        22.0,
        28.0,
        34.0,
        46.0,
        58.0
      ],
      "count_window_ms": 500.0,
      "passive": {
        "Rin": 260.3826892609362,
        "tau_m": 17.69762057836879,
        "E_L": -64.99618626592196,
        "sag": null
      },