{
  "Pyramidal": {
    "currents_nA": [
      0.14625,
      0.24375,
      0.36562,
      0.4875,
      0.60938,
      0.73125,
      0.975,
      1.21875
    ],
    "rates_hz": [
      0.0,
      6.666666666666667,
      35.0,
      46.66666666666667,
      56.66666666666667,
      66.66666666666667,
      11.666666666666668,
      13.333333333333334
    ],
    "rheobase_nA": 0.24375,
    "E_L": -63.011493405966085,
    "Rin": 67.41065495156093,
    "tau_m": 5.599999999992605,
    "sag": 0.41784059721395295,
    "adapt_ratio": 1.5747126436786085,
    "isi_cv": 0.1410585600039172,
    "ap_threshold": -63.010491115344,
    "ahp": -31.05993244509525,
    "sigma": {
      "rates_hz": [
        2.0,
        2.0,
        7.0,
        9.333333333333334,
        11.333333333333336,
        13.333333333333336,
        2.3333333333333335,
        2.666666666666667
      ],
      "rheobase_nA": 0.04875,
      "Rin": 10.11159824273414,
      "tau_m": 0.8399999999988906,
      "E_L": 2.0,
      "sag": 1.0,
      "adapt_ratio": 0.3,
      "isi_cv": 0.3
    }
  },
  "PV_Basket": {
    "currents_nA": [
      0.17625,
      0.29375,
      0.44063,
      0.5875,
      0.73438,
      0.88125,
      1.175,
      1.46875
    ],
    "rates_hz": [
      0.0,
      3.3333333333333335,
      38.333333333333336,
      56.66666666666667,
      71.66666666666667,
      86.66666666666667,
      110.0,
      128.33333333333334
    ],
    "rheobase_nA": 0.29375000000000007,
    "E_L": -65.02434940158763,
    "Rin": 52.12397353487319,
    "tau_m": 6.999999999992525,
    "sag": 1.2588625068588044e-05,
    "adapt_ratio": 1.0400000000002956,
    "isi_cv": 0.007559680166064287,
    "ap_threshold": -65.0243493898516,
    "ahp": -74.38330490543245,
    "sigma": {
      "rates_hz": [
        2.0,
        2.0,
        7.666666666666668,
        11.333333333333336,
        14.333333333333336,
        17.333333333333336,
        22.0,
        25.66666666666667
      ],
      "rheobase_nA": 0.05875000000000002,
      "Rin": 7.818596030230978,
      "tau_m": 1.0499999999988787,
      "E_L": 2.0,
      "sag": 1.0,
      "adapt_ratio": 0.3,
      "isi_cv": 0.3
    }
  },
  "CCK_Basket": {
    "currents_nA": [
      0.0375,
      0.0625,
      0.09375,
      0.125,
      0.15625,
      0.1875,
      0.25,
      0.3125
    ],
    "rates_hz": [
      0.0,
      5.0,
      11.666666666666668,
      15.0,
      18.333333333333336,
      21.666666666666668,
      28.333333333333336,
      33.333333333333336
    ],
    "rheobase_nA": 0.0625,
    "E_L": -70.982123011319,
    "Rin": 136.77370192856046,
    "tau_m": 12.89999999999219,
    "sag": 4.169426826802763,
    "adapt_ratio": 1.0460992907804392,
    "isi_cv": 0.010582163941431497,
    "ap_threshold": -41.27208334935048,
    "ahp": -59.183922235545,
    "sigma": {
      "rates_hz": [
        2.0,
        2.0,
        2.3333333333333335,
        3.0,
        3.6666666666666674,
        4.333333333333334,
        5.666666666666668,
        6.666666666666668
      ],
      "rheobase_nA": 0.0125,
      "Rin": 20.51605528928407,
      "tau_m": 1.9349999999988283,
      "E_L": 2.0,
      "sag": 1.0423567067006907,
      "adapt_ratio": 0.3,
      "isi_cv": 0.3
    }
  },
  "Axo": {
    "currents_nA": [
      0.10875,
      0.18125,
      0.27188,
      0.3625,
      0.45313,
      0.54375,
      0.725,
      0.90625
    ],
    "rates_hz": [
      0.0,
      6.666666666666667,
      35.0,
      50.0,
      63.333333333333336,
      75.0,
      96.66666666666667,
      113.33333333333334
    ],
    "rheobase_nA": 0.18125000000000002,
    "E_L": -65.01240280986359,
    "Rin": 52.296191895520394,
    "tau_m": 6.999999999992525,
    "sag": 1.2607223624172548e-05,
    "adapt_ratio": 1.0722891566268107,
    "isi_cv": 0.012350491485469416,
    "ap_threshold": -65.01240280597216,
    "ahp": -73.9972730169744,
    "sigma": {
      "rates_hz": [
        2.0,
        2.0,
        7.0,
        10.0,
        12.666666666666668,
        15.0,
        19.333333333333336,
        22.66666666666667
      ],
      "rheobase_nA": 0.036250000000000004,
      "Rin": 7.844428784328059,
      "tau_m": 1.0499999999988787,
      "E_L": 2.0,
      "sag": 1.0,
      "adapt_ratio": 0.3,
      "isi_cv": 0.3
    }
  },
  "Bistratified": {
    "currents_nA": [
      0.19125,
      0.31875,
      0.47813,
      0.6375,
      0.79688,
      0.95625,
      1.275,
      1.59375
    ],
    "rates_hz": [
      0.0,
      1.6666666666666667,
      41.66666666666667,
      56.66666666666667,
      71.66666666666667,
      85.0,
      108.33333333333334,
      130.0
    ],
    "rheobase_nA": 0.3187500000000001,
    "E_L": -67.0182331786504,
    "Rin": 98.80149001083936,
    "tau_m": 14.699999999992087,
    "sag": 5.972138495735635e-06,
    "adapt_ratio": 1.01315789473713,
    "isi_cv": 0.005713976312815761,
    "ap_threshold": -67.01826783953665,
    "ahp": -72.22746261637474,
    "sigma": {
      "rates_hz": [
        2.0,
        2.0,
        8.333333333333334,
        11.333333333333336,
        14.333333333333336,
        17.0,
        21.66666666666667,
        26.0
      ],
      "rheobase_nA": 0.06375000000000001,
      "Rin": 14.820223501625904,
      "tau_m": 2.204999999998813,
      "E_L": 2.0,
      "sag": 1.0,
      "adapt_ratio": 0.3,
      "isi_cv": 0.3
    }
  },
  "O_LM": {
    "currents_nA": [
      0.0225,
      0.0375,
      0.05625,
      0.075,
      0.09375,
      0.1125,
      0.15,
      0.1875
    ],
    "rates_hz": [
      0.0,
      1.6666666666666667,
      13.333333333333334,
      21.666666666666668,
      28.333333333333336,
      35.0,
      46.66666666666667,
      58.333333333333336
    ],
    "rheobase_nA": 0.037500000000000006,
    "E_L": -64.99618626592196,
    "Rin": 260.58284888198614,
    "tau_m": 17.699999999991917,
    "sag": 2.142423780065897,
    "adapt_ratio": 1.0479041916170644,
    "isi_cv": 0.013966515052988173,
    "ap_threshold": -36.79863026452195,
    "ahp": -71.67582289689929,
    "sigma": {
      "rates_hz": [
        2.0,
        2.0,
        2.666666666666667,
        4.333333333333334,
        5.666666666666668,
        7.0,
        9.333333333333334,
        11.666666666666668
      ],
      "rheobase_nA": 0.01,
      "Rin": 39.08742733229792,
      "tau_m": 2.6549999999987874,
      "E_L": 2.0,
      "sag": 1.0,
      "adapt_ratio": 0.3,
      "isi_cv": 0.3
    }
  },
  "Ivy": {
    "currents_nA": [
      0.09375,
      0.15625,
      0.23438,
      0.3125,
      0.39063,
      0.46875,
      0.625,
      0.78125
    ],
    "rates_hz": [
      0.0,
      3.3333333333333335,
      20.0,
      31.666666666666668,
      41.66666666666667,
      50.0,
      65.0,
      80.0
    ],
    "rheobase_nA": 0.15625000000000003,
    "E_L": -59.95135206591625,
    "Rin": 100.41820874069103,
    "tau_m": 21.299999999991712,
    "sag": 5.658352648651999e-06,
    "adapt_ratio": 1.4193548387100807,
    "isi_cv": 0.07251021929529752,
    "ap_threshold": -26.19583738215161,
    "ahp": -53.170821670964145,
    "sigma": {
      "rates_hz": [
        2.0,
        2.0,
        4.0,
        6.333333333333334,
        8.333333333333334,
        10.0,
        13.0,
        16.0
      ],
      "rheobase_nA": 0.03125000000000001,
      "Rin": 15.062731311103654,
      "tau_m": 3.194999999998757,
      "E_L": 2.0,
      "sag": 1.0,
      "adapt_ratio": 0.3,
      "isi_cv": 0.3
    }
  },
  "Neurogliaform": {
    "currents_nA": [
      0.09375,
      0.15625,
      0.23438,
      0.3125,
      0.39063,
      0.46875,
      0.625,
      0.78125
    ],
    "rates_hz": [
      0.0,
      3.3333333333333335,
      20.0,
      31.666666666666668,
      41.66666666666667,
      50.0,
      65.0,
      80.0
    ],
    "rheobase_nA": 0.15625000000000003,
    "E_L": -59.95135206591625,
    "Rin": 100.41820874069103,
    "tau_m": 21.299999999991712,
    "sag": 5.658352648651999e-06,
    "adapt_ratio": 1.4193548387100807,
    "isi_cv": 0.07251021929529752,