{
  "Axo": {
    "I_bias": -1.210081965727575,
    "I_gain": 0.06813655029290676,
    "V_m": -70.0,
    "V_th": 26.02297762748086,
    "a": 0.034848888950021584,
    "b": 0.09121371363157804,
    "c": -45.217975602320266,
    "d": 13.99501696566605,
    "loss": 0.4402261156984461,
    "fit_provenance": "nestgpu-fi-fit",
    "rates_hz": [
      0.0,
      10.0,
      36.0,
      52.0,
      64.0,
      80.0,
      104.0,
      128.0
    ],
    "target_rates_hz": [
      0.0,
      6.666666666666667,
      35.0,
      50.0,
      63.333333333333336,
      75.0,
      96.66666666666667,
      113.33333333333334
    ],
    "u": -6.384959954210463
  },
  "Bistratified": {
    "I_bias": 0.25095349364678476,
    "I_gain": 0.009209900478875873,
    "V_m": -70.0,
    "V_th": 30.350402575816894,
    "a": 0.10109032038291456,
    "b": 0.20435319426811288,
    "c": -73.95846599569907,
    "d": 4.717221263237683,
    "loss": 0.1745297451846028,
    "fit_provenance": "nestgpu-fi-fit",
    "rates_hz": [
      0.0,
      0.0,
      38.0,
      54.0,
      70.0,
      84.0,
      116.0,
      146.0
    ],
    "target_rates_hz": [
      0.0,
      1.6666666666666667,
      41.66666666666667,
      56.66666666666667,
      71.66666666666667,
      85.0,
      108.33333333333334,
      130.0
    ],
    "u": -14.304723598767902
  },
  "CCK_Basket": {
    "I_bias": -5.629225209022424,
    "I_gain": 0.06951589035566778,
    "V_m": -70.0,
    "V_th": 21.142790486904488,
    "a": 0.007121222389028921,
    "b": 0.28659761439384823,
    "c": -74.45278343127096,
    "d": 3.397923934749554,
    "loss": 0.1693915659515322,
    "fit_provenance": "nestgpu-fi-fit",
    "rates_hz": [
      0.0,
      6.0,
      10.0,
      14.0,
      18.0,
      22.0,
      30.0,
      38.0
    ],
    "target_rates_hz": [
      0.0,
      5.0,
      11.666666666666668,
      15.0,
      18.333333333333336,
      21.666666666666668,
      28.333333333333336,
      33.333333333333336
    ],
    "u": -20.061833007569376
  },
  "Ivy": {
    "I_bias": -4.765146007904713,
    "I_gain": 0.028003230513438705,
    "V_m": -70.0,
    "V_th": 21.5636135118894,
    "a": 0.04741352784134719,
    "b": 0.25125048257557253,
    "c": -65.35411267806481,
    "d": 8.442618764846568,
    "loss": 0.3741041331274241,
    "fit_provenance": "nestgpu-fi-fit",
    "rates_hz": [
      0.0,
      0.0,
      20.0,
      32.0,
      40.0,
      50.0,
      66.0,
      84.0
    ],
    "target_rates_hz": [
      0.0,
      3.3333333333333335,
      20.0,
      31.666666666666668,
      41.66666666666667,
      50.0,
      65.0,
      80.0
    ],
    "u": -17.587533780290077
  },
  "Neurogliaform": {
    "I_bias": -1.1744325668553781,
    "I_gain": 0.0327594212996598,
    "V_m": -70.0,
    "V_th": 12.079438774138715,
    "a": 0.007248971595656928,
    "b": 0.2009347983236821,
    "c": -57.679998918384385,
    "d": 1.6150567564586016,
    "loss": 0.3373889940210771,
    "fit_provenance": "nestgpu-fi-fit",
    "rates_hz": [
      0.0,
      4.0,
      16.0,
      26.0,
      36.0,
      48.0,
      66.0,
      88.0
    ],
    "target_rates_hz": [
      0.0,
      3.3333333333333335,
      20.0,
      31.666666666666668,
      41.66666666666667,
      50.0,
      65.0,
      80.0
    ],
    "u": -14.065435882657747
  },
  "O_LM": {
    "I_bias": 4.63204951102102,
    "I_gain": 0.06147270768846183,
    "V_m": -70.0,
    "V_th": 33.971302796964395,
    "a": 0.04258037685007931,
    "b": 0.13326386255943348,
    "c": -58.108980828979796,
    "d": 5.9137193548694444,
    "loss": 0.16249494794815586,
    "fit_provenance": "nestgpu-fi-fit",
    "rates_hz": [
      0.0,
      0.0,
      12.0,
      22.0,
      28.0,
      32.0,
      44.0,
      56.0
    ],
    "target_rates_hz": [
      0.0,
      1.6666666666666667,
      13.333333333333334,
      21.666666666666668,
      28.333333333333336,
      35.0,
      46.66666666666667,
      58.333333333333336
    ],
    "u": -9.328470379160343
  },
  "PV_Basket": {
    "I_bias": -4.52184768326096,
    "I_gain": 0.010192412369208436,
    "V_m": -70.0,
    "V_th": 23.92347533038688,
    "a": 0.083696002323701,
    "b": 0.2802478181536967,
    "c": -72.84304949826722,
    "d": 4.239480143813836,
    "loss": 0.42026996435684616,
    "fit_provenance": "nestgpu-fi-fit",
    "rates_hz": [
      0.0,
      0.0,
      38.0,
      52.0,
      68.0,
      80.0,
      110.0,
      136.0
    ],
    "target_rates_hz": [
      0.0,
      3.3333333333333335,
      38.333333333333336,
      56.66666666666667,
      71.66666666666667,
      86.66666666666667,
      110.0,
      128.33333333333334
    ],
    "u": -19.61734727075877
  },
  "Pyramidal": {
    "I_bias": -5.65188965335291,
    "I_gain": 0.06404489193989986,
    "V_m": -70.0,
    "V_th": 18.94042693750277,
    "a": 0.028423827184016797,
    "b": 0.10162730473703946,
    "c": -45.020362237801706,
    "d": 14.483177863235783,
    "loss": 0.13933925127144275,
    "fit_provenance": "nestgpu-fi-fit",
    "rates_hz": [
      0.0,
      6.0,
      32.0,
      44.0,
      60.0,
      76.0,
      104.0,
      128.0
    ],
    "target_rates_hz": [
      0.0,
      6.666666666666667,
      35.0,
      46.66666666666667,
      56.66666666666667,
      66.66666666666667,
      11.666666666666668,
      13.333333333333334
    ],
    "u": -7.113911331592762
  },
  "SCA": {
    "I_bias": -0.7149631310452005,
    "I_gain": 0.039535701711386116,
    "V_m": -70.0,
    "V_th": 29.612903436276284,
    "a": 0.015785419970629114,
    "b": 0.24871524185535054,
    "c": -52.60411634092206,
    "d": 4.2340066006251,
    "loss": 0.3195166967042572,
    "fit_provenance": "nestgpu-fi-fit",
    "rates_hz": [
      0.0,
      6.0,
      10.0,
      14.0,
      20.0,
      24.0,
      28.0,
      32.0
    ],
    "target_rates_hz": [
      0.0,
      3.3333333333333335,
      11.666666666666668,
      15.0,
      20.0,
      23.333333333333336,
      28.333333333333336,
      33.333333333333336
    ],
    "u": -17.41006692987454
  }
}
