{
  "Pyramidal": {
    "V_th": -48.0,
    "Delta_T": 2.0,
    "V_reset": -65.0,
    "t_ref": 2.0,
    "a": 4.0,
    "b": 80.5,
    "tau_w": 144.0,
    "V_peak": 0.0,
    "g_L": 10.0,
    "C_m": 200.0,
    "E_L": -70.0,
    "I_e": 0.0,
    "fit_provenance": "analytic-fallback-after-failed-fit",
    "note": "Explicit fallback record: the point-neuron fit cannot reproduce pyramidal depolarization block, so the analytic Bezaire-derived AdEx seed is used visibly instead of silently omitting this cell."
  },
  "PV_Basket": {
    "V_th": -48.4,
    "Delta_T": 1.0,
    "V_reset": -60.0,
    "t_ref": 2.0,
    "a": 0.0,
    "b": 0.0,
    "tau_w": 40.0,
    "V_peak": 0.0,
    "g_L": 19.2,
    "C_m": 134.4,
    "E_L": -65.0,
    "I_e": 0.0,
    "fit_provenance": "analytic-fallback-after-failed-fit",
    "note": "Explicit fallback record: the validated fitted file must cover every cell type; this keeps the analytic Bezaire-derived PV parameters visible rather than relying on implicit loader fallback."
  },
  "Axo": {
    "V_th": -53.637185085996144,
    "Delta_T": 2.4785300537122628,
    "V_reset": -72.21076753442313,
    "t_ref": 3.9956415281494406,
    "a": 9.759588751021576,
    "b": 19.461779305366594,
    "tau_w": 115.36116862906036,
    "V_peak": -48.637185085996144,
    "g_L": 9.360901163624694,
    "C_m": 133.81460858185375,
    "E_L": -65.01240280986359,
    "I_e": 0.0,
    "loss": 0.03665634652211638,
    "fit_provenance": "nest-validated",
    "validation": {
      "passed": true,
      "median_z": 0.19444444444444497,
      "max_z": 1.7724053696388182,
      "hard_fails": [],
      "nest_rates_hz": [
        0.0,
        10.0,
        36.66666666666667,
        51.66666666666667,
        66.66666666666667,
        78.33333333333334,
        98.33333333333334,
        115.0
      ],
      "target_rates_hz": [
        0.0,
        6.666666666666667,
        35.0,
        50.0,
        63.333333333333336,
        75.0,
        96.66666666666667,
        113.33333333333334
      ],
      "nest_passive": {
        "Rin": 52.47611393848132,
        "tau_m": 6.400000000000006,
        "E_L": -64.99931793802601,
        "sag": 1.7724179768624424
      }
    }
  },
  "Ivy": {
    "V_th": -41.76974811774652,
    "Delta_T": 0.5062246768780333,
    "V_reset": -59.9383911016356,
    "t_ref": 1.653645947951234,
    "a": 5.637428611385376,
    "b": 13.717755371852567,
    "tau_w": 322.6043364220899,
    "V_peak": -36.76974811774652,
    "g_L": 4.320444461960716,
    "C_m": 211.96027217261786,
    "E_L": -59.95135206591625,
    "I_e": 0.0,
    "loss": 0.08245884263741537,
    "fit_provenance": "nest-validated",
    "validation": {
      "passed": true,
      "median_z": 0.3750000000000003,
      "max_z": 3.8749596628775578,
      "hard_fails": [],
      "nest_rates_hz": [
        0.0,
        6.666666666666667,
        21.666666666666668,
        31.666666666666668,
        43.333333333333336,
        53.333333333333336,
        71.66666666666667,
        90.0
      ],
      "target_rates_hz": [
        0.0,
        3.3333333333333335,
        20.0,
        31.666666666666668,
        41.66666666666667,
        50.0,
        65.0,
        80.0
      ],
      "nest_passive": {
        "Rin": 101.94921243251699,
        "tau_m": 17.099999999999994,
        "E_L": -59.95135206591625,
        "sag": 3.8749653212302064
      }
    }
  },
  "Bistratified": {
    "V_th": -42.019314542416744,
    "Delta_T": 4.159879235920625,
    "V_reset": -50.37962408553906,
    "t_ref": 4.995569371200828,
    "a": 8.680625617941736,
    "b": 183.59984369492977,
    "tau_w": 20.005580517978238,
    "V_peak": -37.019314542416744,
    "g_L": 4.049432553502556,
    "C_m": 188.29590932107985,
    "E_L": -67.0182331786504,
    "I_e": 0.0,
    "loss": 3.1535108533076173,
    "fit_provenance": "nest-validated",
    "validation": {
      "passed": true,
      "median_z": 0.2633378932968534,
      "max_z": 1.363505039791632,
      "hard_fails": [],
      "nest_rates_hz": [
        0.0,
        1.6666666666666667,
        36.66666666666667,
        56.66666666666667,
        75.0,
        90.0,
        115.0,
        130.0
      ],
      "target_rates_hz": [
        0.0,
        1.6666666666666667,
        41.66666666666667,
        56.66666666666667,
        71.66666666666667,
        85.0,
        108.33333333333334,
        130.0
      ],
      "nest_passive": {
        "Rin": 78.59404057553405,
        "tau_m": 12.0,
        "E_L": -67.01497877602174,
        "sag": 0.8768345679396958
      }
    }
  },
  "Neurogliaform": {
    "V_th": -41.76974811774652,
    "Delta_T": 0.5062246768780333,
    "V_reset": -59.9383911016356,
    "t_ref": 1.653645947951234,
    "a": 5.637428611385376,
    "b": 13.717755371852567,
    "tau_w": 322.6043364220899,
    "V_peak": -36.76974811774652,
    "g_L": 4.320444461960716,
    "C_m": 211.96027217261786,
    "E_L": -59.95135206591625,
    "I_e": 0.0,
    "loss": 0.08245884263741537,
    "fit_provenance": "nest-validated",
    "validation": {
      "passed": true,
      "median_z": 0.3750000000000003,
      "max_z": 3.8749596628775578,
      "hard_fails": [],
      "nest_rates_hz": [
        0.0,
        6.666666666666667,
        21.666666666666668,
        31.666666666666668,
        43.333333333333336,
        53.333333333333336,
        71.66666666666667,
        90.0
      ],
      "target_rates_hz": [
        0.0,
        3.3333333333333335,
        20.0,
        31.666666666666668,
        41.66666666666667,
        50.0,
        65.0,
        80.0
      ],
      "nest_passive": {
        "Rin": 101.94921243251699,
        "tau_m": 17.099999999999994,
        "E_L": -59.95135206591625,
        "sag": 3.8749653212302064
      }
    }
  },
  "CCK_Basket": {
    "V_th": -59.68270569353052,
    "Delta_T": 3.2194040435870517,
    "V_reset": -73.64763110424717,
    "t_ref": 3.727076858805973,
    "a": 0.25155408246882044,
    "b": 342.823826253626,
    "tau_w": 21.895237387976906,
    "V_peak": -54.68270569353052,
    "g_L": 7.061123716486229,
    "C_m": 94.37903523790835,
    "E_L": -70.982123011319,
    "I_e": 0.0,
    "loss": 0.13619002360782437,
    "fit_provenance": "nest-validated",
    "validation": {
      "passed": true,
      "median_z": 0.023943124066775567,
      "max_z": 3.988641469422064,
      "hard_fails": [],
      "nest_rates_hz": [
        0.0,
        3.3333333333333335,
        11.666666666666668,
        15.0,
        18.333333333333336,
        21.666666666666668,
        28.333333333333336,
        35.0
      ],
      "target_rates_hz": [
        0.0,
        5.0,
        11.666666666666668,
        15.0,
        18.333333333333336,
        21.666666666666668,
        28.333333333333336,
        33.333333333333336
      ],
      "nest_passive": {
        "Rin": 138.44118049941244,
        "tau_m": 13.800000000000011,
        "E_L": -70.8863505150519,
        "sag": 0.011839640526176254
      }
    }
  },
  "O_LM": {
    "V_th": -54.36652236068797,
    "Delta_T": 1.19144151605833,
    "V_reset": -60.64038953305054,
    "t_ref": 2.2123787904904226,
    "a": 2.29479037919866,
    "b": 98.70258572883967,
    "tau_w": 20.013577503964505,
    "V_peak": -49.36652236068797,
    "g_L": 1.5445660434690989,
    "C_m": 67.90312019023642,
    "E_L": -64.99618626592196,
    "I_e": 0.0,
    "loss": 0.07108293402390477,
    "fit_provenance": "nest-validated",
    "validation": {
      "passed": true,
      "median_z": 1.5969522351610976e-05,
      "max_z": 1.25,
      "hard_fails": [],
      "nest_rates_hz": [
        0.0,
        1.6666666666666667,
        16.666666666666668,
        21.666666666666668,
        28.333333333333336,
        35.0,
        46.66666666666667,
        60.0
      ],
      "target_rates_hz": [
        0.0,
        1.6666666666666667,
        13.333333333333334,
        21.666666666666668,
        28.333333333333336,
        35.0,
        46.66666666666667,
        58.333333333333336
      ],