{
  "step": "6 orientation (V2d)",
  "length_ratio_mean": 1.0,
  "length_ratio_min": 0.9999999999999993,
  "length_ratio_max": 1.0000000000000007,
  "apical_radial_cos_mean": 0.9906710493481068,
  "n_sampled": 60
}